{
    "CR": 2.8650916764520173e-16,
    "Global_Weights": {
        "Return_CAGR": 0.20999909999099983,
        "Return_Div": 0.09000090000900003,
        "Risk_Vol": 0.3200000000000002,
        "Risk_MaxDD": 0.08000000000000003,
        "Cost_ExpRatio": 0.09999999999999999,
        "Liq_Volume": 0.024999999999999998,
        "Liq_AUM": 0.024999999999999998,
        "Div_Score": 0.09999999999999999,
        "FinBERT_score": 0.049999999999999996
    }
}