{
    "CR": 1.5619894204992233e-11,
    "Global_Weights": {
        "Return_CAGR": 0.28000124623968814,
        "Return_Div": 0.0700002940598485,
        "Risk_Vol": 0.20999801027999201,
        "Risk_MaxDD": 0.09000039441117628,
        "Cost_ExpRatio": 0.10000004675664383,
        "Liq_Volume": 0.04999999635631294,
        "Liq_AUM": 0.04999994635636658,
        "Div_Score": 0.09999998009000152,
        "FinBERT_score": 0.049999992624358065
    },
    "Source": "stage2_1_static_ahp_preference_extraction"
}
